Metric,Value
mse,0.8473645448684692
rmse,0.9205240599074362
mae,0.7266943454742432
pred_mean,3.2420811653137207
pred_std,0.3502882719039917
target_mean,3.3262290954589844
target_std,1.045667290687561
precision,1.0
recall,2.0112784450082283e-06
ndcg,1.0
map,0.7816381891580229
