Metric,Value
mse,0.6448773741722107
rmse,0.8030425730758056
mae,0.61092609167099
precision,1.0
recall,2.8302562315874144e-06
ndcg,1.0
map,0.7165607978084295
